Date,Year,Month,Avg_Temp,Max_Temp,Min_Temp,Rain,Max_Wind,Avg_Wind,Avg_Gust,Sun_Hours,Clouds,Pressure,Snow
2009-01-01,2009,1,5.309677419354839,9.370967741935484,1.7903225806451613,107.0,9.629032258064516,6.525806451612904,23.383870967741935,178.70093333333332,67.54838709677419,1013,3.8499999999999996
2009-02-01,2009,2,5.5249999999999995,9.935714285714285,1.8,20.5,12.782142857142857,8.47857142857143,28.342857142857145,234.24751666666666,54.75,1013,0.7
2009-03-01,2009,3,8.7,13.474193548387097,4.016129032258065,86.7,14.96774193548387,8.66451612903226,35.619354838709675,258.8711861111111,54.225806451612904,1013,1.33
2009-04-01,2009,4,14.296666666666665,18.426666666666666,10.216666666666667,33.3,10.273333333333333,5.526666666666667,25.863333333333333,308.25357777777776,57.93333333333333,1013,0.0
2009-05-01,2009,5,20.551612903225806,25.338709677419356,15.619354838709677,13.6,11.193548387096774,6.183870967741936,27.0,389.22280555555557,43.935483870967744,1013,0.0
2009-06-01,2009,6,23.94333333333333,28.470000000000002,19.176666666666666,19.3,11.946666666666665,6.12,29.636666666666667,414.7660222222222,30.3,1013,0.0
2009-07-01,2009,7,27.29032258064516,32.21612903225807,22.16774193548387,5.1,12.003225806451614,6.741935483870968,29.006451612903227,433.5909138888889,13.67741935483871,1013,0.0
2009-08-01,2009,8,26.293548387096774,30.687096774193545,21.683870967741935,17.3,10.077419354838709,5.535483870967742,25.593548387096774,396.8877166666667,27.0,1013,0.0
2009-09-01,2009,9,21.676666666666666,25.790000000000003,17.513333333333332,27.0,10.353333333333333,5.930000000000001,26.353333333333335,302.88630277777776,51.166666666666664,1013,0.0
2009-10-01,2009,10,16.45483870967742,20.961290322580645,12.041935483870969,60.5,11.051612903225807,6.854838709677419,27.54516129032258,274.4133277777778,46.0,1013,0.0
2009-11-01,2009,11,11.363333333333333,16.44,7.3100000000000005,70.4,9.426666666666668,5.98,21.14333333333333,224.65844444444446,44.5,1013,0.0
2009-12-01,2009,12,8.929032258064517,12.261290322580644,6.02258064516129,142.3,10.161290322580646,6.803225806451613,23.193548387096776,162.52540555555555,77.58064516129032,1013,0.0
2010-01-01,2010,1,5.851612903225806,9.19032258064516,2.838709677419355,15.5,9.832258064516129,6.635483870967741,22.129032258064516,182.42700555555555,68.2258064516129,1013,3.5700000000000003
2010-02-01,2010,2,7.171428571428572,11.625,3.125,96.5,12.264285714285714,7.560714285714285,30.167857142857144,204.20254166666666,61.607142857142854,1013,1.4
2010-03-01,2010,3,9.548387096774194,14.280645161290321,4.806451612903226,50.4,12.587096774193547,7.387096774193548,29.83225806451613,282.78589166666666,50.225806451612904,1013,8.049999999999999
2010-04-01,2010,4,15.026666666666667,19.203333333333333,10.67,13.0,11.453333333333331,6.59,27.023333333333333,327.7083666666667,49.833333333333336,1013,0.0
2010-05-01,2010,5,20.0258064516129,24.858064516129033,15.203225806451613,34.2,13.941935483870967,7.658064516129032,33.170967741935485,369.3504611111111,44.12903225806452,1013,0.0
2010-06-01,2010,6,23.94333333333333,28.503333333333334,19.17,23.5,12.383333333333333,6.816666666666666,30.503333333333334,399.84491388888887,38.166666666666664,1013,0.0
2010-07-01,2010,7,27.135483870967743,31.75161290322581,22.096774193548388,22.5,11.251612903225807,6.648387096774194,28.625806451612902,417.6145972222222,23.322580645161292,1013,0.0
2010-08-01,2010,8,28.725806451612904,33.75483870967742,23.451612903225808,1.2,12.193548387096774,6.587096774193548,28.951612903225808,394.3469361111111,12.03225806451613,1013,0.0
2010-09-01,2010,9,22.033333333333335,26.446666666666665,17.543333333333333,35.4,11.493333333333334,6.6899999999999995,27.81,315.7862583333333,40.13333333333333,1013,0.0
2010-10-01,2010,10,14.112903225806452,17.283870967741933,10.96774193548387,216.5,9.509677419354839,5.870967741935484,22.88064516129032,168.27760555555554,64.16129032258064,1013,0.0
2010-11-01,2010,11,13.803333333333335,18.293333333333333,9.97,25.5,9.7,6.233333333333333,21.353333333333335,226.75827222222222,51.3,1013,0.0
2010-12-01,2010,12,6.587096774193548,10.719354838709679,3.261290322580645,23.7,11.44516129032258,8.138709677419355,24.693548387096776,211.20621666666665,54.12903225806452,1013,7.63
2011-01-01,2011,1,5.022580645161291,9.17741935483871,1.6451612903225807,23.8,8.712903225806452,6.219354838709678,20.05806451612903,197.10653888888888,57.38709677419355,1013,0.0
2011-02-01,2011,2,5.982142857142857,10.182142857142859,2.4714285714285715,51.4,10.892857142857142,7.153571428571429,24.175,154.33115555555554,61.25,1013,0.0
2011-03-01,2011,3,8.616129032258065,13.51290322580645,4.051612903225807,52.3,10.329032258064515,6.358064516129032,24.97741935483871,279.0833,51.935483870967744,1013,1.26
2011-04-01,2011,4,13.44,17.926666666666666,8.846666666666666,18.799999999999997,12.613333333333333,7.3533333333333335,31.063333333333333,328.3507833333333,50.06666666666667,1013,0.0
2011-05-01,2011,5,18.68064516129032,23.238709677419354,13.90967741935484,36.7,11.048387096774194,6.096774193548387,29.467741935483872,374.77155833333336,42.806451612903224,1013,0.0
2011-06-01,2011,6,23.98,28.386666666666667,19.33,16.3,13.76,7.933333333333334,33.14,430.85255555555557,27.733333333333334,1013,0.0
2011-07-01,2011,7,27.451612903225808,32.377419354838715,22.006451612903227,0.8999999999999999,13.0,7.006451612903225,30.816129032258065,438.4853527777778,12.483870967741936,1013,0.0
2011-08-01,2011,8,26.70967741935484,31.81935483870968,21.335483870967742,8.2,12.929032258064517,6.606451612903226,30.258064516129032,401.85344166666664,12.96774193548387,1013,0.0
2011-09-01,2011,9,24.333333333333332,29.30666666666667,19.383333333333333,49.5,10.966666666666667,5.943333333333333,26.77,334.39534444444445,25.333333333333332,1013,0.0
2011-10-01,2011,10,14.219354838709679,18.73225806451613,9.970967741935485,49.400000000000006,10.683870967741935,6.72258064516129,24.883870967741935,276.48065833333334,44.03225806451613,1013,0.0
2011-11-01,2011,11,7.073333333333333,12.086666666666668,3.0566666666666666,16.1,7.696666666666667,4.989999999999999,17.55,223.74120277777777,48.0,1013,0.0
2011-12-01,2011,12,5.390322580645161,10.461290322580645,1.5161290322580645,57.99999999999999,10.061290322580644,6.829032258064516,21.40967741935484,223.11455555555554,49.935483870967744,1013,14.700000000000001
2012-01-01,2012,1,2.2193548387096773,6.919354838709677,-1.3161290322580643,37.9,12.548387096774194,8.148387096774194,28.374193548387098,236.1226,34.516129032258064,1013,0.56
2012-02-01,2012,2,3.5172413793103448,7.693103448275862,-0.4241379310344827,56.2,13.37241379310345,8.717241379310344,31.92413793103448,173.03248333333332,67.62068965517241,1013,19.39
2012-03-01,2012,3,10.225806451612904,15.516129032258064,5.251612903225807,30.1,11.764516129032257,6.751612903225807,27.183870967741935,278.90327777777776,44.45161290322581,1013,0.07
2012-04-01,2012,4,15.06,20.013333333333332,10.26,50.6,13.733333333333333,7.34,32.85333333333333,312.2482277777778,48.43333333333333,1013,0.0
2012-05-01,2012,5,20.13225806451613,24.822580645161292,15.448387096774193,72.6,12.490322580645161,6.861290322580645,31.22258064516129,361.81011944444447,46.41935483870968,1013,0.0
2012-06-01,2012,6,26.82,31.93,21.53666666666667,2.5,12.203333333333335,6.533333333333333,29.836666666666666,439.131725,11.066666666666666,1013,0.0
2012-07-01,2012,7,29.835483870967742,35.28387096774193,23.76451612903226,0.30000000000000004,13.103225806451613,6.583870967741936,30.81935483870968,438.8367888888889,8.838709677419354,1013,0.0
2012-08-01,2012,8,28.251612903225805,33.729032258064514,22.480645161290322,15.2,12.148387096774194,6.354838709677419,28.04516129032258,399.99011666666667,13.290322580645162,1013,0.0
2012-09-01,2012,9,23.09,28.14,18.303333333333335,50.2,11.676666666666668,6.366666666666666,28.13,320.30407777777776,26.8,1013,0.0
2012-10-01,2012,10,19.43548387096774,24.270967741935483,14.983870967741936,20.0,9.596774193548388,5.593548387096774,23.90967741935484,288.95137222222223,39.54838709677419,1013,0.0
2012-11-01,2012,11,13.1,16.926666666666666,9.846666666666666,48.5,8.473333333333333,5.483333333333333,20.040000000000003,187.97501666666668,66.13333333333334,1013,0.0
2012-12-01,2012,12,4.664516129032258,9.03225806451613,1.2774193548387098,68.0,11.33548387096774,7.387096774193548,25.200000000000003,204.06149444444446,52.16129032258065,1013,1.26
2013-01-01,2013,1,5.577419354838709,10.2,1.8806451612903228,44.6,11.832258064516129,7.725806451612903,27.116129032258065,222.41647777777777,51.25806451612903,1013,0.07
2013-02-01,2013,2,7.764285714285714,11.560714285714285,4.196428571428571,145.0,10.385714285714286,6.425,25.407142857142855,161.70460833333334,74.67857142857143,1013,0.35
2013-03-01,2013,3,10.254838709677419,14.370967741935484,6.074193548387097,57.1,12.651612903225805,8.03225806451613,28.76774193548387,238.61883055555555,59.70967741935484,1013,0.0
2013-04-01,2013,4,15.6,20.466666666666665,10.746666666666666,46.5,11.856666666666666,6.846666666666667,28.45,349.2322222222222,38.166666666666664,1013,0.0
2013-05-01,2013,5,21.538709677419355,26.16774193548387,16.703225806451613,16.1,12.338709677419354,7.196774193548387,29.83225806451613,388.70985277777777,37.74193548387097,1013,0.0
2013-06-01,2013,6,24.526666666666664,29.18,19.753333333333334,23.6,12.953333333333335,7.206666666666666,32.36,420.1951833333333,28.266666666666666,1013,0.0
2013-07-01,2013,7,27.0,32.2,21.33225806451613,21.400000000000002,11.95483870967742,6.719354838709678,29.98709677419355,431.06960833333335,20.161290322580644,1013,0.0
2013-08-01,2013,8,28.148387096774194,33.18387096774194,22.75483870967742,0.2,12.083870967741936,6.251612903225807,28.419354838709676,403.93453611111113,17.838709677419356,1013,0.0
2013-09-01,2013,9,22.59,28.02,16.85,6.1,12.856666666666666,7.4,30.19333333333333,334.6059388888889,23.9,1013,0.0
2013-10-01,2013,10,16.725806451612904,22.154838709677417,12.009677419354839,5.2,10.803225806451612,6.593548387096774,25.503225806451614,296.30179166666665,40.41935483870968,1013,0.0
2013-11-01,2013,11,12.776666666666667,16.503333333333334,9.446666666666665,61.800000000000004,9.57,6.066666666666666,24.006666666666668,193.85168055555556,63.56666666666667,1013,0.0
2013-12-01,2013,12,4.858064516129032,9.996774193548386,1.1129032258064515,46.199999999999996,9.870967741935484,6.651612903225806,20.825806451612905,211.30816944444445,39.58064516129032,1013,0.0
2014-01-01,2014,1,7.290322580645161,11.983870967741936,3.4387096774193546,46.800000000000004,8.958064516129031,5.941935483870967,19.567741935483873,204.04379444444444,67.90322580645162,1013,6.02
2014-02-01,2014,2,8.753571428571428,13.228571428571428,4.8999999999999995,34.900000000000006,8.335714285714285,5.264285714285714,19.310714285714287,206.6916527777778,63.892857142857146,1013,0.0
2014-03-01,2014,3,11.419354838709678,16.12258064516129,6.800000000000001,94.10000000000001,12.17741935483871,6.800000000000001,28.280645161290323,282.59680833333334,47.516129032258064,1013,0.0
2014-04-01,2014,4,14.293333333333333,18.526666666666664,10.013333333333332,76.0,10.49,6.02,27.46333333333333,300.60642777777775,61.86666666666667,1013,0.0
2014-05-01,2014,5,19.193548387096776,23.551612903225806,14.325806451612904,16.9,11.448387096774193,6.367741935483871,27.932258064516127,379.1404972222222,48.483870967741936,1013,0.0
2014-06-01,2014,6,24.05666666666667,28.926666666666666,18.94333333333333,20.7,13.233333333333333,7.223333333333333,33.766666666666666,410.55784166666666,29.933333333333334,1013,0.0
2014-07-01,2014,7,26.351612903225806,31.003225806451614,21.39032258064516,33.7,12.87741935483871,6.983870967741935,31.509677419354837,424.5935416666667,19.774193548387096,1013,0.0
2014-08-01,2014,8,27.07741935483871,31.983870967741936,22.216129032258067,21.7,11.306451612903226,6.441935483870967,28.070967741935487,393.0207888888889,17.64516129032258,1013,0.0
2014-09-01,2014,9,20.636666666666667,24.483333333333334,16.79,123.2,10.49,5.886666666666667,26.486666666666668,309.12864444444443,41.43333333333333,1013,0.0
2014-10-01,2014,10,15.629032258064516,19.25483870967742,12.36774193548387,95.2,10.23225806451613,6.051612903225807,24.664516129032258,213.47119166666667,63.70967741935484,1013,0.0
2014-11-01,2014,11,11.696666666666665,14.593333333333334,9.05,112.3,9.020000000000001,5.763333333333334,20.040000000000003,121.70589166666666,72.13333333333334,1013,0.0
2014-12-01,2014,12,7.422580645161291,10.890322580645162,4.506451612903225,129.4,11.293548387096775,7.699999999999999,24.287096774193547,151.56711666666666,64.25806451612904,1013,0.56
2015-01-01,2015,1,5.312903225806451,9.806451612903226,1.8129032258064517,52.3,12.816129032258065,8.241935483870968,28.112903225806452,219.79805555555555,55.67741935483871,1013,0.07
2015-02-01,2015,2,6.253571428571428,10.721428571428572,2.335714285714286,74.7,11.178571428571429,7.264285714285714,25.539285714285715,207.4386861111111,48.32142857142857,1013,2.17
2015-03-01,2015,3,8.516129032258064,12.070967741935483,4.66774193548387,125.9,11.167741935483871,6.909677419354838,26.103225806451615,207.13532777777777,67.87096774193549,1013,2.24
2015-04-01,2015,4,13.316666666666666,18.066666666666666,8.386666666666667,9.6,14.703333333333335,8.3,32.32666666666667,345.6403472222222,43.4,1013,0.0
2015-05-01,2015,5,20.796774193548387,25.606451612903225,16.00967741935484,15.9,12.506451612903225,6.548387096774194,30.18064516129032,381.81465833333334,49.903225806451616,1013,0.0
2015-06-01,2015,6,23.473333333333336,28.28666666666667,18.59,33.7,12.343333333333334,6.65,30.67,415.67411944444444,39.3,1013,0.0
2015-07-01,2015,7,27.893548387096775,32.92903225806452,22.583870967741937,3.4,12.993548387096775,6.403225806451613,29.725806451612904,434.2672972222222,13.0,1013,0.0
2015-08-01,2015,8,27.370967741935484,32.08709677419355,22.690322580645162,32.800000000000004,11.116129032258065,5.84516129032258,27.22258064516129,399.73525,21.741935483870968,1013,0.0
2015-09-01,2015,9,23.373333333333335,27.613333333333333,19.703333333333333,82.5,11.306666666666667,6.34,27.113333333333333,294.6213833333333,43.333333333333336,1013,0.0
2015-10-01,2015,10,16.31290322580645,19.551612903225806,13.203225806451613,73.5,9.125806451612902,5.690322580645161,22.09032258064516,208.16605555555554,69.61290322580645,1013,0.0
2015-11-01,2015,11,12.656666666666666,18.223333333333336,8.043333333333333,40.3,9.933333333333334,6.39,22.07,254.47679166666666,31.7,1013,0.0
2015-12-01,2015,12,5.97741935483871,11.880645161290323,1.9,7.3,8.596774193548388,6.116129032258065,18.283870967741933,263.40039722222224,33.064516129032256,1013,0.42
2016-01-01,2016,1,4.880645161290323,9.751612903225807,0.9193548387096774,44.7,10.306451612903226,6.929032258064517,23.19677419354839,227.39580833333332,48.16129032258065,1013,2.52
2016-02-01,2016,2,10.441379310344828,15.451724137931036,6.051724137931035,38.3,11.272413793103448,6.955172413793103,25.989655172413794,207.85921944444445,56.793103448275865,1013,0.0
2016-03-01,2016,3,10.803225806451612,15.106451612903227,6.429032258064517,96.8,11.493548387096775,6.858064516129032,27.825806451612905,268.8172944444444,58.25806451612903,1013,0.0
2016-04-01,2016,4,16.976666666666667,22.096666666666668,11.83,9.5,13.146666666666667,7.25,30.766666666666666,357.0590833333333,39.333333333333336,1013,0.0
2016-05-01,2016,5,18.874193548387098,23.43548387096774,14.05483870967742,72.4,13.703225806451613,7.403225806451613,33.03225806451613,374.3135527777778,38.54838709677419,1013,0.0
2016-06-01,2016,6,25.82,30.546666666666667,20.58,22.8,11.446666666666665,6.333333333333333,30.203333333333333,423.204975,28.166666666666668,1013,0.0
2016-07-01,2016,7,27.758064516129032,32.56774193548387,22.65806451612903,1.9,13.229032258064517,7.541935483870968,32.66129032258065,434.55508055555555,15.741935483870968,1013,0.0
2016-08-01,2016,8,27.312903225806455,32.14193548387097,22.351612903225806,17.4,11.35483870967742,6.861290322580645,28.293548387096774,398.87340555555556,27.483870967741936,1013,0.0
2016-09-01,2016,9,22.16,26.69,17.720000000000002,19.099999999999998,10.273333333333333,5.8966666666666665,27.293333333333333,317.2640138888889,44.8,1013,0.0
2016-10-01,2016,10,16.306451612903224,19.651612903225807,13.070967741935483,56.9,9.816129032258065,5.9,24.59032258064516,190.919375,58.67741935483871,1013,0.0
2016-11-01,2016,11,10.576666666666666,14.823333333333332,6.923333333333334,25.9,9.966666666666667,6.473333333333333,22.666666666666668,214.3177861111111,56.63333333333333,1013,0.42
2016-12-01,2016,12,3.9612903225806453,9.287096774193548,0.0967741935483871,0.7,11.890322580645162,8.05483870967742,26.032258064516128,252.00015277777777,32.903225806451616,1013,0.0
2017-01-01,2017,1,0.6903225806451613,4.948387096774193,-2.2774193548387096,69.5,15.30967741935484,11.112903225806452,35.87419354838709,172.43989166666668,62.25806451612903,1013,15.89
2017-02-01,2017,2,7.4071428571428575,12.932142857142859,3.442857142857143,29.0,12.339285714285714,7.5321428571428575,29.289285714285715,206.6448,52.642857142857146,1013,0.0
2017-03-01,2017,3,11.790322580645162,17.606451612903225,6.974193548387096,72.1,15.64516129032258,9.109677419354838,38.0,299.1932361111111,44.645161290322584,1013,0.0
2017-04-01,2017,4,13.923333333333334,19.776666666666664,8.736666666666668,34.6,16.2,9.783333333333333,39.90333333333333,352.70871944444445,33.6,1013,0.0
2017-05-01,2017,5,19.141935483870967,24.796774193548387,14.154838709677419,138.9,14.058064516129033,7.912903225806452,35.748387096774195,363.4427333333333,46.54838709677419,1013,0.0
2017-06-01,2017,6,24.523333333333333,30.34,18.953333333333333,50.8,14.483333333333333,7.983333333333333,35.24,414.5211611111111,32.86666666666667,1013,0.0
2017-07-01,2017,7,26.216129032258067,32.148387096774194,20.783870967741933,84.69999999999999,15.996774193548386,8.970967741935485,39.019354838709674,408.6300861111111,19.516129032258064,1013,0.0
2017-08-01,2017,8,26.993548387096773,33.09032258064516,21.396774193548385,33.0,15.76774193548387,8.864516129032259,38.193548387096776,398.8732777777778,13.419354838709678,1013,0.0
2017-09-01,2017,9,22.163333333333334,27.903333333333332,17.46333333333333,12.1,13.75,7.85,33.91,321.97785,25.5,1013,0.0
2017-10-01,2017,10,16.0,22.019354838709678,11.483870967741936,32.900000000000006,15.167741935483871,9.516129032258064,35.829032258064515,297.6554361111111,35.096774193548384,1013,0.0
2017-11-01,2017,11,10.95,15.543333333333331,7.5,106.2,14.593333333333334,9.433333333333334,33.983333333333334,204.36978055555556,54.43333333333333,1013,0.0
2017-12-01,2017,12,7.532258064516129,12.374193548387098,3.851612903225807,46.00000000000001,17.07741935483871,11.525806451612903,39.093548387096774,228.42324722222222,36.935483870967744,1013,2.8
2018-01-01,2018,1,5.783870967741936,10.958064516129031,1.7580645161290323,22.5,14.52258064516129,8.754838709677419,32.71935483870968,212.19824166666666,50.45161290322581,1013,0.0
2018-02-01,2018,2,7.55,11.239285714285714,4.275,112.8,15.635714285714286,9.674999999999999,37.85,139.06441666666666,73.5,1013,10.22
2018-03-01,2018,3,11.019354838709678,16.10967741935484,6.606451612903226,74.4,14.63225806451613,7.980645161290322,37.94516129032258,244.2934611111111,58.32258064516129,1013,0.14
2018-04-01,2018,4,17.09,23.65666666666667,11.486666666666668,13.3,12.66,6.926666666666667,32.22666666666667,344.5556222222222,37.8,1013,0.0
2018-05-01,2018,5,20.96451612903226,26.1,16.225806451612904,85.7,12.5,6.416129032258064,32.20967741935484,381.68833611111114,49.483870967741936,1013,0.0
2018-06-01,2018,6,23.363333333333333,28.416666666666668,18.8,148.0,14.79,8.013333333333334,36.96,367.04028611111113,52.2,1013,0.0
2018-07-01,2018,7,26.141935483870967,31.432258064516127,21.35483870967742,46.800000000000004,15.058064516129033,9.109677419354838,37.10967741935484,424.5931611111111,23.06451612903226,1013,0.0
2018-08-01,2018,8,26.061290322580643,31.387096774193548,21.219354838709677,21.7,12.832258064516129,7.193548387096774,31.48709677419355,394.9197472222222,28.93548387096774,1013,0.0
2018-09-01,2018,9,22.433333333333334,28.166666666666668,17.62,29.299999999999997,16.096666666666668,9.55,37.943333333333335,327.87469166666665,27.533333333333335,1013,0.0
2018-10-01,2018,10,17.103225806451615,22.845161290322583,12.896774193548387,7.5,12.72258064516129,7.183870967741935,31.748387096774195,293.3915083333333,36.58064516129032,1013,0.0
2018-11-01,2018,11,12.03,16.406666666666666,8.55,81.1,12.683333333333334,7.41,30.310000000000002,208.97618055555557,67.3,1013,0.0
2018-12-01,2018,12,5.032258064516129,9.82258064516129,1.6290322580645162,40.7,16.4,10.906451612903227,37.13548387096775,226.20378888888888,45.83870967741935,1013,0.14
2019-01-01,2019,1,3.3548387096774195,7.580645161290323,0.0774193548387097,127.5,17.76451612903226,11.983870967741936,42.61612903225806,181.73929166666667,62.38709677419355,1013,22.61
2019-02-01,2019,2,7.067857142857143,12.571428571428571,2.914285714285714,18.0,16.814285714285713,11.382142857142856,39.478571428571435,221.38221944444444,46.82142857142857,1013,4.76
2019-03-01,2019,3,11.748387096774193,18.416129032258063,6.267741935483872,26.3,13.890322580645162,7.761290322580645,33.53225806451613,315.9173166666667,41.806451612903224,1013,0.0
2019-04-01,2019,4,13.826666666666666,19.13,9.196666666666665,95.3,13.653333333333332,6.9,34.89,308.4094,55.13333333333333,1013,0.0
2019-05-01,2019,5,18.458064516129035,24.019354838709678,13.458064516129031,73.1,15.067741935483872,8.519354838709678,36.91935483870968,373.8172944444444,48.29032258064516,1013,0.0
2019-06-01,2019,6,25.13,30.956666666666667,19.7,63.7,12.620000000000001,6.796666666666667,33.38666666666667,414.4338055555556,40.266666666666666,1013,0.0
2019-07-01,2019,7,25.858064516129033,31.593548387096774,20.541935483870965,66.2,14.154838709677419,7.767741935483872,34.16129032258065,417.7254111111111,22.161290322580644,1013,0.0
2019-08-01,2019,8,27.10967741935484,33.435483870967744,21.509677419354837,4.6,15.551612903225807,7.680645161290323,37.29677419354839,402.0673472222222,10.483870967741936,1013,0.0
2019-09-01,2019,9,22.623333333333335,28.473333333333336,17.80666666666667,36.4,14.38,7.66,35.093333333333334,345.06770555555556,29.9,1013,0.0
2019-10-01,2019,10,17.83225806451613,23.906451612903226,13.26774193548387,50.8,10.69032258064516,6.164516129032258,24.61935483870968,288.2832638888889,31.258064516129032,1013,0.0
2019-11-01,2019,11,14.633333333333333,18.773333333333333,11.74,174.4,12.526666666666667,7.3933333333333335,29.913333333333334,193.96004166666665,68.96666666666667,1013,0.0
2019-12-01,2019,12,7.970967741935484,11.925806451612903,5.180645161290323,92.3,16.74516129032258,11.583870967741936,38.20645161290323,214.3514111111111,59.38709677419355,1013,0.0
2020-01-01,2020,1,4.816129032258065,10.419354838709678,1.0258064516129033,8.5,15.80967741935484,11.064516129032258,36.39677419354839,254.74835555555555,31.870967741935484,1013,0.0
2020-02-01,2020,2,8.079310344827586,13.820689655172414,3.5413793103448277,34.9,17.989655172413794,11.237931034482758,41.793103448275865,260.7661777777778,38.310344827586206,1013,0.49
2020-03-01,2020,3,10.290322580645162,15.745161290322581,5.916129032258064,168.9,14.793548387096775,9.3,35.58709677419355,237.63687222222222,53.25806451612903,1013,0.0
2020-04-01,2020,4,12.97,18.733333333333334,7.98,119.5,13.753333333333334,7.916666666666667,34.50333333333333,278.41795,49.13333333333333,1013,7.77
2020-05-01,2020,5,18.967741935483872,24.883870967741935,13.683870967741935,42.5,16.316129032258065,9.8,40.8,383.7014972222222,46.54838709677419,1013,0.0
2020-06-01,2020,6,23.316666666666666,28.733333333333334,18.243333333333332,27.8,15.633333333333333,8.97,38.42666666666666,417.1012111111111,36.93333333333333,1013,0.0
2020-07-01,2020,7,26.287096774193547,31.896774193548385,21.26774193548387,13.700000000000001,15.922580645161291,8.667741935483871,38.39677419354839,431.078825,20.29032258064516,1013,0.0
2020-08-01,2020,8,25.838709677419356,31.419354838709676,21.177419354838708,66.9,14.05483870967742,8.329032258064515,34.99032258064516,398.9943527777778,22.129032258064516,1013,0.0
2020-09-01,2020,9,23.38,28.816666666666666,18.756666666666668,5.4,15.056666666666667,8.063333333333334,36.53666666666666,338.98520833333333,23.266666666666666,1013,0.0
2020-10-01,2020,10,17.848387096774193,23.212903225806453,13.583870967741936,25.5,13.422580645161291,8.429032258064517,32.770967741935486,309.1224555555556,38.32258064516129,1013,0.0
2020-11-01,2020,11,11.003333333333334,16.236666666666668,7.316666666666666,29.200000000000003,11.479999999999999,7.193333333333333,25.446666666666665,252.07593055555554,39.166666666666664,1013,0.0
2020-12-01,2020,12,9.961290322580645,13.596774193548388,7.019354838709678,115.7,13.906451612903227,8.587096774193547,32.02258064516129,170.93128611111112,68.29032258064517,1013,0.0
2021-01-01,2021,1,7.038709677419354,11.541935483870969,3.3483870967741933,135.0,17.27741935483871,10.829032258064515,40.81290322580645,212.49726388888888,56.45161290322581,1013,5.53
2021-02-01,2021,2,8.025,13.725,3.2178571428571425,30.8,15.5,9.471428571428572,36.839285714285715,237.60955833333333,40.964285714285715,1013,9.31
2021-03-01,2021,3,8.864516129032259,13.851612903225806,4.670967741935484,53.3,16.938709677419357,10.296774193548387,40.21612903225807,288.1444916666667,47.12903225806452,1013,0.07
2021-04-01,2021,4,12.29,17.426666666666666,7.613333333333333,56.0,15.03,8.403333333333332,37.1,310.6766166666667,47.63333333333333,1013,0.42
2021-05-01,2021,5,19.5,25.219354838709677,14.087096774193547,15.0,15.829032258064515,8.603225806451613,39.751612903225805,379.40448055555555,41.16129032258065,1013,0.0
2021-06-01,2021,6,23.636666666666667,29.733333333333334,17.796666666666667,25.0,14.360000000000001,8.066666666666666,37.45333333333333,423.30355833333334,27.8,1013,0.0
2021-07-01,2021,7,27.41290322580645,33.354838709677416,22.080645161290324,12.6,14.922580645161291,8.32258064516129,37.099999999999994,431.87294444444444,14.580645161290322,1013,0.0
2021-08-01,2021,8,27.322580645161292,33.403225806451616,21.993548387096773,9.3,14.7,7.632258064516129,35.31290322580645,391.5773638888889,17.838709677419356,1013,0.0
2021-09-01,2021,9,21.376666666666665,27.126666666666665,16.57,25.7,13.643333333333334,8.07,33.95,320.10895277777774,38.233333333333334,1013,0.0
2021-10-01,2021,10,13.97741935483871,18.241935483870968,10.661290322580646,251.29999999999998,13.890322580645162,8.603225806451613,31.635483870967743,237.69724722222222,50.064516129032256,1013,0.0
2021-11-01,2021,11,12.066666666666666,16.586666666666666,8.706666666666667,60.2,12.736666666666668,7.609999999999999,28.573333333333334,207.37345555555555,74.26666666666667,1013,0.0
2021-12-01,2021,12,6.541935483870968,11.02258064516129,3.229032258064516,103.3,18.40967741935484,12.33548387096774,40.21612903225807,215.28114444444444,50.58064516129032,1013,6.79
2022-01-01,2022,1,4.925806451612903,9.687096774193549,1.3258064516129033,54.3,19.461290322580645,13.02258064516129,42.70322580645161,238.07543333333334,38.16129032258065,1013,2.3800000000000003
2022-02-01,2022,2,7.410714285714286,12.907142857142857,3.3785714285714286,64.2,17.857142857142858,11.299999999999999,39.732142857142854,221.84500277777778,50.42857142857143,1013,3.7800000000000002
2022-03-01,2022,3,6.638709677419355,11.996774193548386,2.2129032258064516,67.0,13.738709677419354,8.341935483870968,31.75483870967742,261.28563055555554,49.774193548387096,1013,6.44
2022-04-01,2022,4,13.833333333333334,19.85,8.663333333333332,66.7,15.036666666666667,8.193333333333333,34.65333333333333,319.16,42.7,1013,0.0
2022-05-01,2022,5,19.69677419354839,26.08709677419355,13.774193548387096,49.0,13.432258064516128,6.729032258064516,32.041935483870965,388.4007472222222,41.774193548387096,1013,0.0
2022-06-01,2022,6,24.793333333333333,30.836666666666666,19.613333333333333,97.10000000000001,15.16,7.8100000000000005,35.04333333333333,398.7110666666667,35.93333333333333,1013,0.0
2022-07-01,2022,7,26.1,32.27741935483871,20.60967741935484,43.699999999999996,15.890322580645162,8.619354838709677,36.31935483870968,415.13474722222225,15.612903225806452,1013,0.0
2022-08-01,2022,8,26.206451612903226,32.13225806451613,21.206451612903226,57.8,13.880645161290323,7.5,33.07419354838709,389.45929722222223,29.967741935483872,1013,0.0
2022-09-01,2022,9,20.823333333333334,26.19,16.326666666666668,151.8,14.083333333333334,8.196666666666667,32.690000000000005,339.3158555555556,29.933333333333334,1013,0.0
2022-10-01,2022,10,16.799999999999997,22.793548387096774,12.293548387096774,15.2,11.66451612903226,7.112903225806452,26.980645161290322,296.67058888888886,31.258064516129032,1013,0.0
2022-11-01,2022,11,13.466666666666667,18.10666666666667,9.866666666666667,71.9,13.563333333333333,8.26,30.126666666666665,208.0315861111111,54.8,1013,0.0
2022-12-01,2022,12,9.703225806451613,14.0,6.619354838709677,47.8,11.529032258064515,7.183870967741935,25.461290322580645,184.22344166666667,69.54838709677419,1013,0.0
2023-01-01,2023,1,8.329032258064515,12.625806451612902,5.180645161290323,79.5,17.348387096774193,11.570967741935483,37.99677419354839,222.3579388888889,50.03225806451613,1013,0.07
2023-02-01,2023,2,6.7,12.607142857142858,2.232142857142857,16.4,15.960714285714285,10.453571428571427,35.84285714285714,262.13150833333333,41.5,1013,0.35
2023-03-01,2023,3,10.761290322580646,16.067741935483873,6.209677419354839,56.8,14.964516129032257,9.093548387096773,34.37096774193548,280.7491888888889,56.74193548387097,1013,0.0
2023-04-01,2023,4,13.023333333333333,18.046666666666667,8.6,86.5,16.273333333333333,9.766666666666667,38.10666666666667,319.217625,58.9,1013,1.19
2023-05-01,2023,5,17.641935483870967,22.36774193548387,13.519354838709678,127.1,12.35483870967742,6.567741935483871,31.248387096774195,318.0009416666667,67.70967741935483,1013,0.0
2023-06-01,2023,6,22.89333333333333,28.076666666666664,18.126666666666665,95.4,13.803333333333335,7.746666666666667,33.25,386.04538055555554,51.46666666666667,1013,0.0
2023-07-01,2023,7,28.299999999999997,34.31935483870968,22.280645161290323,13.3,15.687096774193549,9.154838709677419,36.670967741935485,432.8005972222222,9.96774193548387,1013,0.0
2023-08-01,2023,8,27.258064516129032,32.85806451612903,22.093548387096774,25.2,14.612903225806452,8.012903225806452,32.86774193548387,389.0116611111111,19.870967741935484,1013,0.0
2023-09-01,2023,9,22.92,28.633333333333333,18.266666666666666,57.5,12.666666666666666,6.586666666666667,29.873333333333335,310.8497,41.93333333333333,1013,0.0
2023-10-01,2023,10,19.141935483870967,24.861290322580647,14.583870967741936,14.899999999999999,12.564516129032258,7.445161290322581,28.44516129032258,285.411,41.61290322580645,1013,0.0
2023-11-01,2023,11,12.770000000000001,17.836666666666666,8.729999999999999,85.0,16.266666666666666,9.393333333333334,36.94666666666667,214.223825,55.3,1013,1.68
2023-12-01,2023,12,8.26774193548387,13.577419354838709,4.538709677419354,92.8,13.94516129032258,8.780645161290321,30.048387096774192,213.65469166666668,51.935483870967744,1013,0.14
2024-01-01,2024,1,5.903225806451613,11.129032258064516,2.335483870967742,69.3,16.46451612903226,10.46774193548387,36.29354838709677,229.8966888888889,46.38709677419355,1013,12.179999999999998
2024-02-01,2024,2,10.472413793103447,16.089655172413792,5.924137931034483,21.6,13.568965517241379,8.520689655172413,31.689655172413794,251.9779611111111,51.51724137931034,1013,0.0
2024-03-01,2024,3,11.932258064516128,17.041935483870965,7.341935483870968,107.7,13.774193548387096,7.9,32.83548387096774,282.08439166666665,55.45161290322581,1013,0.0
2024-04-01,2024,4,16.9,23.333333333333332,11.31,65.6,14.360000000000001,7.776666666666667,33.54666666666667,346.8400305555556,36.1,1013,0.0
2024-05-01,2024,5,18.958064516129035,24.16774193548387,14.238709677419354,69.7,14.548387096774194,7.470967741935484,35.17741935483871,366.78605833333336,51.935483870967744,1013,0.0
2024-06-01,2024,6,27.486666666666668,33.74333333333333,21.30666666666667,11.2,16.523333333333333,7.739999999999999,39.526666666666664,422.932375,29.533333333333335,1013,0.0
2024-07-01,2024,7,29.051612903225806,35.25806451612903,23.30322580645161,22.2,15.806451612903226,8.22258064516129,37.541935483870965,426.72804444444444,14.516129032258064,1013,0.0
2024-08-01,2024,8,27.70967741935484,33.641935483870974,22.248387096774195,31.3,13.712903225806452,7.161290322580645,32.5,396.54258055555556,17.741935483870968,1013,0.0
2024-09-01,2024,9,21.959999999999997,27.233333333333334,17.459999999999997,58.4,13.166666666666666,7.52,31.256666666666668,324.4742111111111,34.43333333333333,1013,0.0
2024-10-01,2024,10,17.4,23.193548387096776,12.738709677419354,4.2,11.083870967741936,7.087096774193548,25.23225806451613,292.6461888888889,35.67741935483871,1013,0.0
2024-11-01,2024,11,10.026666666666667,15.31,6.053333333333333,83.0,15.183333333333334,9.34,31.816666666666666,206.62070833333334,51.3,1013,0.0
2024-12-01,2024,12,7.719354838709678,11.883870967741935,4.716129032258064,194.2,16.52258064516129,10.764516129032257,35.693548387096776,179.32814166666668,54.935483870967744,1013,4.83
2025-01-01,2025,1,6.341935483870968,11.796774193548387,2.9451612903225803,50.0,9.806451612903226,6.264516129032257,22.0,200.70019444444443,66.0,1013,9.66
2025-02-01,2025,2,6.164285714285714,10.107142857142858,3.039285714285714,27.7,11.964285714285714,6.985714285714286,25.75714285714286,166.07955277777776,71.71428571428571,1013,0.07
2025-03-01,2025,3,11.561290322580644,17.370967741935484,6.583870967741936,98.7,11.97741935483871,6.041935483870968,28.04516129032258,276.5125805555556,54.54838709677419,1013,0.0
2025-04-01,2025,4,13.486666666666668,18.84333333333333,8.706666666666667,75.5,13.826666666666666,7.096666666666667,31.64,329.49903333333333,53.36666666666667,1013,4.06
2025-05-01,2025,5,18.206451612903226,23.39032258064516,13.119354838709677,125.2,16.025806451612905,9.003225806451614,35.45483870967742,363.40989444444443,49.0,1013,0.0
2025-06-01,2025,6,26.373333333333335,32.45333333333333,19.683333333333334,4.2,14.770000000000001,7.92,32.72,434.37506666666667,12.1,1013,0.0
2025-07-01,2025,7,28.661290322580644,34.62903225806452,22.606451612903225,65.9,16.287096774193547,8.748387096774193,36.038709677419355,427.38432222222224,9.612903225806452,1013,0.0
2025-08-01,2025,8,25.51290322580645,31.093548387096774,20.17096774193548,40.4,13.393548387096773,7.048387096774194,30.574193548387097,395.8512333333333,18.677419354838708,1013,0.0
2025-09-01,2025,9,23.026666666666664,28.66,17.91,13.399999999999999,13.03,7.19,29.603333333333335,327.6764583333333,28.0,1013,0.0
2025-10-01,2025,10,14.958064516129031,19.87741935483871,11.245161290322581,96.1,15.470967741935485,9.638709677419355,33.87419354838709,257.3891527777778,51.87096774193548,1013,0.0
2025-11-01,2025,11,12.879999999999999,17.756666666666668,9.453333333333335,185.2,11.93,6.703333333333333,26.38,205.02174166666666,62.233333333333334,1013,0.0
2025-12-01,2025,12,9.87857142857143,14.4,6.942857142857143,101.5,14.25,9.307142857142859,31.035714285714285,93.35919166666667,52.92857142857143,1013,0.0
2026-01-01,2026,1,5.793656517094018,10.793656517094016,0.7936565170940173,83.5,,,,121.10569722222222,61.457665598290596,1013,0.0
2026-02-01,2026,2,9.767857142857142,14.767857142857142,4.767857142857143,87.2,,,,182.5604277777778,67.125,1013,0.0
2026-03-01,2026,3,9.989855072463769,14.989855072463767,4.989855072463769,2.9000000000000004,,,,219.36031944444443,50.80797101449275,1013,0.0
